id;name;description;url;driver_name
1;Hat;Fresh bricks-and-clicks Marcadet;https://anselme.info;SMTP
2;Languedoc-Roussillon actuating;Generic Bedfordshire Monténégro;https://pacôme.net;Barbade
3;optical;Account;http://tristan.fr;Borders Health
4;Picardie;invoice out-of-the-box;http://fantine.org;d'Orsel
5;transitional approach;Pants;https://baudouin.eu;Borders override
6;Wooden relationships;Generic Provence-Alpes-Côte b;http://henriette.fr;Provence Inverse
7;Buckinghamshire;markets;https://marine.fr;interface administration Auto
8;mobile system;Somalie bluetooth Unbranded;https://ariel.eu;PNG navigating Alsace
9;e-commerce a portal;Fantastic;http://océane.info;mindshare Borders
10;Guinée;interfaces Music applications;http://laurane.com;a needs-based
