id;name;description;email;password;token
1;brand Soap Generic;de;Denise.Brun36@yahoo.fr;system capacity;Borders Soft Nesle
2;out-of-the-box;Sleek Sports;Tristan_Mathieu60@gmail.com;Corse Picardie overriding;Steel a
3;Kina;repurpose Franche-Comt√© Chair;Ludovic_Fleury@gmail.com;transmitting;Superviseur 1080p Customizable
4;la Developpeur;Home;Delphin_Chevalier46@gmail.com;Plastic Coordinateur Loan;Focused backing sexy
5;Account users Ingenieur;Syrie;Antide.Renard@gmail.com;full-range;vortals Refined
6;c Afghani Granite;violet;Monique.Aubry@gmail.com;capacitor silver lavender;Music Hryvnia deposit
7;indigo quantifying SMTP;Buckinghamshire neural;Albrade.Lecomte@gmail.com;Home;Tasty
8;ability HDD Games;Montorgueil Vanuatu Metal;lodie.Dupont49@gmail.com;grow d'Azur du;Wooden
9;communities;b Beauty;Jason.Lecomte@gmail.com;Bedfordshire;Fantastic bypassing program
10;encompassing deposit;value-added Picardie Cambridgeshire;Bon_Chevalier@gmail.com;JBOD microchip;application Mille generating
